{
    "phase1": {
        "accuracy": 0.902999997138977,
        "loss": 0.2719264328479767
    },
    "phase2": {
        "accuracy": 0.9150000214576721,
        "loss": 0.3145197629928589
    }
}