Class,Precision,Recall,F1-Score
early_blight_leaf,0.9900442477876106,0.8852621167161226,0.9347258485639687
healthy_leaf,0.9729990356798457,0.999009900990099,0.9858329262335125
late_blight_leaf,0.9761668321747765,0.9732673267326732,0.9747149231531979
septoria_leaf,0.9149130832570905,0.9900990099009901,0.9510223490252021
unknown,1.0,1.0,1.0
