Class,Precision,Recall,F1-Score
early_blight_leaf,0.9237170596393898,0.8325,0.8757396449704142
healthy_leaf,0.9573690621193667,0.9825,0.9697717458359038
late_blight_leaf,0.9207317073170732,0.94375,0.9320987654320988
septoria_leaf,0.9045346062052506,0.9475,0.9255189255189256
