{
  "accuracy": 0.95325,
  "precision": 0.9557611862694806,
  "recall": 0.95325,
  "f1": 0.9526781614079594,
  "class_report": {
    "early_blight_leaf": {
      "precision": 0.9930394431554525,
      "recall": 0.856,
      "f1-score": 0.9194414607948442,
      "support": 1000.0
    },
    "healthy_leaf": {
      "precision": 0.9736585365853658,
      "recall": 0.998,
      "f1-score": 0.985679012345679,
      "support": 1000.0
    },
    "late_blight_leaf": {
      "precision": 0.9557086614173228,
      "recall": 0.971,
      "f1-score": 0.9632936507936508,
      "support": 1000.0
    },
    "septoria_leaf": {
      "precision": 0.9006381039197813,
      "recall": 0.988,
      "f1-score": 0.9422985216976634,
      "support": 1000.0
    },
    "accuracy": 0.95325,
    "macro avg": {
      "precision": 0.9557611862694806,
      "recall": 0.95325,
      "f1-score": 0.9526781614079594,
      "support": 4000.0
    },
    "weighted avg": {
      "precision": 0.9557611862694806,
      "recall": 0.95325,
      "f1-score": 0.9526781614079594,
      "support": 4000.0
    }
  },
  "confusion_matrix": [
    [
      856,
      16,
      41,
      87
    ],
    [
      0,
      998,
      0,
      2
    ],
    [
      5,
      4,
      971,
      20
    ],
    [
      1,
      7,
      4,
      988
    ]
  ]
}