{
  "accuracy": 0.9692,
  "precision": 0.9705308950272209,
  "recall": 0.9692,
  "f1": 0.9689387466588407,
  "class_report": {
    "early_blight_leaf": {
      "precision": 0.9900442477876106,
      "recall": 0.8852621167161226,
      "f1-score": 0.9347258485639687,
      "support": 1011.0
    },
    "healthy_leaf": {
      "precision": 0.9729990356798457,
      "recall": 0.999009900990099,
      "f1-score": 0.9858329262335125,
      "support": 1010.0
    },
    "late_blight_leaf": {
      "precision": 0.9761668321747765,
      "recall": 0.9732673267326732,
      "f1-score": 0.9747149231531979,
      "support": 1010.0
    },
    "septoria_leaf": {
      "precision": 0.9149130832570905,
      "recall": 0.9900990099009901,
      "f1-score": 0.9510223490252021,
      "support": 1010.0
    },
    "unknown": {
      "precision": 1.0,
      "recall": 1.0,
      "f1-score": 1.0,
      "support": 959.0
    },
    "accuracy": 0.9692,
    "macro avg": {
      "precision": 0.9708246397798647,
      "recall": 0.9695276708679771,
      "f1-score": 0.9692592093951763,
      "support": 5000.0
    },
    "weighted avg": {
      "precision": 0.9705308950272209,
      "recall": 0.9692,
      "f1-score": 0.9689387466588407,
      "support": 5000.0
    }
  },
  "confusion_matrix": [
    [
      895,
      19,
      23,
      74,
      0
    ],
    [
      0,
      1009,
      0,
      1,
      0
    ],
    [
      8,
      1,
      983,
      18,
      0
    ],
    [
      1,
      8,
      1,
      1000,
      0
    ],
    [
      0,
      0,
      0,
      0,
      959
    ]
  ]
}