{
  "accuracy": 0.9265625,
  "precision": 0.92658810882027,
  "recall": 0.9265625,
  "f1": 0.9257822704393355,
  "class_report": {
    "early_blight_leaf": {
      "precision": 0.9237170596393898,
      "recall": 0.8325,
      "f1-score": 0.8757396449704142,
      "support": 800.0
    },
    "healthy_leaf": {
      "precision": 0.9573690621193667,
      "recall": 0.9825,
      "f1-score": 0.9697717458359038,
      "support": 800.0
    },
    "late_blight_leaf": {
      "precision": 0.9207317073170732,
      "recall": 0.94375,
      "f1-score": 0.9320987654320988,
      "support": 800.0
    },
    "septoria_leaf": {
      "precision": 0.9045346062052506,
      "recall": 0.9475,
      "f1-score": 0.9255189255189256,
      "support": 800.0
    },
    "accuracy": 0.9265625,
    "macro avg": {
      "precision": 0.9265881088202701,
      "recall": 0.9265625,
      "f1-score": 0.9257822704393357,
      "support": 3200.0
    },
    "weighted avg": {
      "precision": 0.92658810882027,
      "recall": 0.9265625,
      "f1-score": 0.9257822704393355,
      "support": 3200.0
    }
  },
  "confusion_matrix": [
    [
      666,
      26,
      47,
      61
    ],
    [
      7,
      786,
      1,
      6
    ],
    [
      28,
      4,
      755,
      13
    ],
    [
      20,
      5,
      17,
      758
    ]
  ]
}