,precision,recall,f1-score,support
early_blight_leaf,0.9865591397849462,0.734,0.841743119266055,500.0
healthy_leaf,0.9841584158415841,0.994,0.9890547263681592,500.0
late_blight_leaf,0.9465346534653465,0.956,0.9512437810945273,500.0
septoria_leaf,0.8074433656957929,0.998,0.8926654740608229,500.0
accuracy,0.9205,0.9205,0.9205,0.9205
macro avg,0.9311738936969174,0.9205000000000001,0.918676775197391,2000.0
weighted avg,0.9311738936969175,0.9205,0.9186767751973912,2000.0
